Workbook

Sheet Raw Data
A1: Change Adoption — Raw Data
A3: Employee | B3: Department | C3: Region | D3: Manager | E3: Training Completed | F3: Change Clarity Before | G3: Change Clarity After | H3: Manager Confidence Before | I3: Manager Confidence After | J3: Role Impact Maps Submitted | K3: Team Adoption Actions | L3: Satisfaction | M3: Knowledge Hub Visits
A4: Employee 1 | B4: Sales | C4: EMEA | D4: Manager A | E4: Yes | F4: 3 | G4: 4.2 | H4: 3 | I4: 4.3 | J4: 1 | K4: 3 | L4: 5 | M4: 12
A5: Employee 2 | B5: Customer Success | C5: US | D5: Manager B | E5: Yes | F5: 2.7 | G5: 4.1 | H5: 2.9 | I5: 4.2 | J5: 1 | K5: 4 | L5: 5 | M5: 14
A6: Employee 3 | B6: Product | C6: APAC | D6: Manager C | E6: Yes | F6: 3.1 | G6: 4.4 | H6: 3.2 | I6: 4.5 | J6: 2 | K6: 4 | L6: 4 | M6: 9
A7: Employee 4 | B7: Support | C7: EMEA | D7: Manager D | E7: Yes | F7: 2.6 | G7: 3.9 | H7: 2.7 | I7: 4 | J7: 1 | K7: 3 | L7: 4 | M7: 11
A8: Employee 5 | B8: Marketing | C8: US | D8: Manager E | E8: No | F8: 2.9 | G8: 3.3 | H8: 3 | I8: 3.5 | J8: 0 | K8: 0 | L8: 3 | M8: 3
A9: Employee 6 | B9: Engineering | C9: APAC | D9: Manager C | E9: Yes | F9: 2.8 | G9: 4 | H9: 3.1 | I9: 4.1 | J9: 1 | K9: 2 | L9: 4 | M9: 8
A10: Employee 7 | B10: Sales | C10: US | D10: Manager F | E10: Yes | F10: 3.2 | G10: 4.5 | H10: 3 | I10: 4.4 | J10: 2 | K10: 4 | L10: 5 | M10: 15
A11: Employee 8 | B11: Customer Success | C11: EMEA | D11: Manager A | E11: Yes | F11: 2.5 | G11: 4 | H11: 2.8 | I11: 4.1 | J11: 1 | K11: 3 | L11: 4 | M11: 10

Sheet KPI Summary
A1: Change Adoption — KPI Summary
A3: KPI | B3: Result
A4: Employees Enrolled | B4: 480
A5: Completion Rate | B5: 86%
A6: Change Clarity Before | B6: 2.9 / 5
A7: Change Clarity After | B7: 4.2 / 5
A8: Manager Confidence Before | B8: 3.0 / 5
A9: Manager Confidence After | B9: 4.3 / 5
A10: Role Impact Maps Submitted | B10: 72
A11: Team Adoption Plans Submitted | B11: 64
A12: Knowledge Hub Visits | B12: 1,850
A13: Customer-Facing Readiness | B13: 81%
A14: Manager Satisfaction | B14: 4.5 / 5

Sheet Dashboard
A1: CHANGE ADOPTION DASHBOARD | R1: Chart Data
A3: Tracking Engagement, Clarity, Confidence and Adoption across Departments and Regions | R3: Metric | S3: Before | T3: After
R4: Change Clarity | S4: 2.9 | T4: 4.2
A5: Completion Rate | D5: Clarity After | G5: Mgr Confidence After | J5: Knowledge Hub Visits | M5: Readiness
A6: 86% | D6: 4.2 / 5 | G6: 4.3 / 5 | J6: 1,850 | M6: 81% | R6: Metric | S6: Before | T6: After
R7: Manager Confidence | S7: 3 | T7: 4.3
A8: KEY METRICS
R9: Department | S9: Completion Rate
R10: Sales | S10: =IFERROR(COUNTIFS('Raw Data'!B4:B11,"Sales",'Raw Data'!E4:E11,"Yes")/COUNTIF('Raw Data'!B4:B11,"Sales"),0) -> 1
R11: Customer Success | S11: =IFERROR(COUNTIFS('Raw Data'!B4:B11,"Customer Success",'Raw Data'!E4:E11,"Yes")/COUNTIF('Raw Data'!B4:B11,"Customer Success"),0) -> 1
R12: Product | S12: =IFERROR(COUNTIFS('Raw Data'!B4:B11,"Product",'Raw Data'!E4:E11,"Yes")/COUNTIF('Raw Data'!B4:B11,"Product"),0) -> 1
R13: Support | S13: =IFERROR(COUNTIFS('Raw Data'!B4:B11,"Support",'Raw Data'!E4:E11,"Yes")/COUNTIF('Raw Data'!B4:B11,"Support"),0) -> 1
R14: Marketing | S14: =IFERROR(COUNTIFS('Raw Data'!B4:B11,"Marketing",'Raw Data'!E4:E11,"Yes")/COUNTIF('Raw Data'!B4:B11,"Marketing"),0) -> 0
R15: Engineering | S15: =IFERROR(COUNTIFS('Raw Data'!B4:B11,"Engineering",'Raw Data'!E4:E11,"Yes")/COUNTIF('Raw Data'!B4:B11,"Engineering"),0) -> 1
R17: Department | S17: Role Impact Maps
R18: Sales | S18: =SUMIF('Raw Data'!B4:B11,"Sales",'Raw Data'!J4:J11) -> 3
R19: Customer Success | S19: =SUMIF('Raw Data'!B4:B11,"Customer Success",'Raw Data'!J4:J11) -> 2
R20: Product | S20: =SUMIF('Raw Data'!B4:B11,"Product",'Raw Data'!J4:J11) -> 2
R21: Support | S21: =SUMIF('Raw Data'!B4:B11,"Support",'Raw Data'!J4:J11) -> 1
R22: Marketing | S22: =SUMIF('Raw Data'!B4:B11,"Marketing",'Raw Data'!J4:J11) -> 0
R23: Engineering | S23: =SUMIF('Raw Data'!B4:B11,"Engineering",'Raw Data'!J4:J11) -> 1
R25: Region | S25: Knowledge Hub Visits
R26: EMEA | S26: =SUMIF('Raw Data'!C4:C11,"EMEA",'Raw Data'!M4:M11) -> 33
R27: US | S27: =SUMIF('Raw Data'!C4:C11,"US",'Raw Data'!M4:M11) -> 32
R28: APAC | S28: =SUMIF('Raw Data'!C4:C11,"APAC",'Raw Data'!M4:M11) -> 17
R30: Department | S30: Team Adoption Actions
R31: Sales | S31: =SUMIF('Raw Data'!B4:B11,"Sales",'Raw Data'!K4:K11) -> 7
R32: Customer Success | S32: =SUMIF('Raw Data'!B4:B11,"Customer Success",'Raw Data'!K4:K11) -> 7
R33: Product | S33: =SUMIF('Raw Data'!B4:B11,"Product",'Raw Data'!K4:K11) -> 4
R34: Support | S34: =SUMIF('Raw Data'!B4:B11,"Support",'Raw Data'!K4:K11) -> 3
R35: Marketing | S35: =SUMIF('Raw Data'!B4:B11,"Marketing",'Raw Data'!K4:K11) -> 0
R36: Engineering | S36: =SUMIF('Raw Data'!B4:B11,"Engineering",'Raw Data'!K4:K11) -> 2
A60: RECOMMENDED ACTIONS
A61: • Run follow-up sessions for teams with low clarity scores.
A62: • Update FAQ based on repeated questions.
A63: • Add manager coaching for teams with low confidence.
A64: • Create customer-facing scripts for teams below readiness target.
A65: • Review dashboard monthly with HRBP and regional leaders.
A67: Source: Change Adoption Program tracking — Raw Data and KPI Summary sheets. Refresh monthly with HRBP.
